{
    "AsteroidA": {
        "sound": "assets/snd/asteroid.ogg",
        "image": "assets/img/asteroid_01.png",
        "velocity_min": 25,
        "velocity_max": 50
    },
    "AsteroidB": {
        "sound": "assets/snd/asteroid.ogg",
        "image": "assets/img/asteroid_02.png",
        "velocity_min": 50,
        "velocity_max": 75
    },
    "AsteroidC": {
        "sound": "assets/snd/asteroid.ogg",
        "image": "assets/img/asteroid_03.png",
        "velocity_min": 75,
        "velocity_max": 100
    },
    "AsteroidD": {
        "sound": "assets/snd/asteroid.ogg",
        "image": "assets/img/asteroid_04.png",
        "velocity_min": 100,
        "velocity_max": 125
    },
    "Hunter": {
        "image": "assets/img/enemy.png",
        "animations": {
            "number_frames": 6,
            "list": [
                {
                    "name": "MOVE",
                    "start": 0,
                    "end": 5,
                    "framerate": 10
                },
                {
                    "name": "IDLE",
                    "start": 0,
                    "end": 0,
                    "framerate": 1
                }
            ]
        },
        "velocity_chase": 75,
        "velocity_return": 100,
        "distance_start_chase": 100,
        "distance_start_return": 200,
        "sound_chase": "assets/snd/ufo.ogg"
    }
}