{
    "player_spawn": {
        "position": {
            "x": 320,
            "y": 180
        },
        "max_bullets": 4
    },
    "enemy_spawn_events": [
        {
            "time": 0.0,
            "enemy_type": "Hunter",
            "position": {
                "x": 560,
                "y": 180
            }
        },
        {
            "time": 0.0,
            "enemy_type": "Hunter",
            "position": {
                "x": 305,
                "y": 300
            }
        },
        {
            "time": 0.0,
            "enemy_type": "Hunter",
            "position": {
                "x": 40,
                "y": 180
            }
        },
        {
            "time": 0.0,
            "enemy_type": "Hunter",
            "position": {
                "x": 305,
                "y": 20
            }
        },
        {
            "time": 3.0,
            "enemy_type": "AsteroidA",
            "position": {
                "x": 50,
                "y": 50
            }
        },
        {
            "time": 6.0,
            "enemy_type": "AsteroidB",
            "position": {
                "x": 500,
                "y": 200
            }
        },
        {
            "time": 9.0,
            "enemy_type": "AsteroidC",
            "position": {
                "x": 200,
                "y": 300
            }
        },
        {
            "time": 12.0,
            "enemy_type": "AsteroidD",
            "position": {
                "x": 600,
                "y": 50
            }
        },
        {
            "time": 14.0,
            "enemy_type": "AsteroidA",
            "position": {
                "x": 90,
                "y": 180
            }
        },
        {
            "time": 16.0,
            "enemy_type": "AsteroidB",
            "position": {
                "x": 200,
                "y": 200
            }
        },
        {
            "time": 18.0,
            "enemy_type": "AsteroidC",
            "position": {
                "x": 240,
                "y": 90
            }
        },
        {
            "time": 20.0,
            "enemy_type": "AsteroidD",
            "position": {
                "x": 540,
                "y": 260
            }
        }
    ]
}